dataset,classifier,sample_set,run_nr,threshold,lime_mean,lime_std,lime_var,shap_mean,shap_std,shap_var,ttest_statistic,p_value,interpretation
cicids17,CatBoost,general_idx,1,0.0,0.01538,0.0,0.0,0.27149,0.11449,0.01311,-70.73669,0.0,Significant difference
cicids17,CatBoost,general_idx,1,0.1,0.54898,0.11138,0.01241,0.85046,0.08611,0.00742,-66.21768,0.0,Significant difference
cicids17,CatBoost,general_idx,1,0.2,0.80712,0.09735,0.00948,0.9346,0.04099,0.00168,-37.85017,0.0,Significant difference
cicids17,CatBoost,general_idx,1,0.3,0.90242,0.06671,0.00445,0.95478,0.0262,0.00069,-23.1729,0.0,Significant difference
cicids17,CatBoost,general_idx,1,0.4,0.95197,0.04565,0.00208,0.969,0.01981,0.00039,-10.84775,0.0,Significant difference
cicids17,CatBoost,general_idx,1,0.5,0.97458,0.02961,0.00088,0.97683,0.01444,0.00021,-2.16083,0.03095,Significant difference
cicids17,CatBoost,general_idx,1,0.6,0.98103,0.01741,0.0003,0.97985,0.01075,0.00012,1.84022,0.06603,No significant difference
cicids17,CatBoost,general_idx,1,0.7,0.98297,0.0099,0.0001,0.98152,0.00812,7e-05,3.5583,0.00039,Significant difference
cicids17,CatBoost,general_idx,1,0.8,0.98392,0.0054,3e-05,0.98302,0.00527,3e-05,3.77893,0.00017,Significant difference
cicids17,CatBoost,general_idx,1,0.9,0.98443,0.00217,0.0,0.98398,0.00305,1e-05,3.73706,0.0002,Significant difference
cicids17,CatBoost,general_idx,2,0.0,0.01538,0.0,0.0,0.312,0.11404,0.01301,-82.25017,0.0,Significant difference
cicids17,CatBoost,general_idx,2,0.1,0.54498,0.10825,0.01172,0.83545,0.07016,0.00492,-70.42155,0.0,Significant difference
cicids17,CatBoost,general_idx,2,0.2,0.80725,0.09583,0.00918,0.92234,0.0413,0.00171,-34.8782,0.0,Significant difference
cicids17,CatBoost,general_idx,2,0.3,0.90251,0.06412,0.00411,0.95046,0.02559,0.00065,-21.63537,0.0,Significant difference
cicids17,CatBoost,general_idx,2,0.4,0.95166,0.04338,0.00188,0.9618,0.02073,0.00043,-6.56289,0.0,Significant difference
cicids17,CatBoost,general_idx,2,0.5,0.97538,0.02585,0.00067,0.97092,0.01611,0.00026,4.5502,1e-05,Significant difference
cicids17,CatBoost,general_idx,2,0.6,0.98125,0.0157,0.00025,0.97832,0.01141,0.00013,4.7389,0.0,Significant difference
cicids17,CatBoost,general_idx,2,0.7,0.98329,0.00855,7e-05,0.98122,0.00863,7e-05,5.33045,0.0,Significant difference
cicids17,CatBoost,general_idx,2,0.8,0.98392,0.00489,2e-05,0.98275,0.00639,4e-05,4.57052,1e-05,Significant difference
cicids17,CatBoost,general_idx,2,0.9,0.98442,0.00222,0.0,0.98377,0.00377,1e-05,4.62915,0.0,Significant difference
cicids17,CatBoost,general_idx,3,0.0,0.01538,0.0,0.0,0.28998,0.11807,0.01394,-73.54734,0.0,Significant difference
cicids17,CatBoost,general_idx,3,0.1,0.54891,0.111,0.01232,0.87702,0.07655,0.00586,-75.06493,0.0,Significant difference
cicids17,CatBoost,general_idx,3,0.2,0.80442,0.09938,0.00988,0.94005,0.04099,0.00168,-39.218,0.0,Significant difference
cicids17,CatBoost,general_idx,3,0.3,0.90102,0.06946,0.00482,0.9596,0.02431,0.00059,-24.86681,0.0,Significant difference
cicids17,CatBoost,general_idx,3,0.4,0.95085,0.04845,0.00235,0.96986,0.0181,0.00033,-11.41803,0.0,Significant difference
cicids17,CatBoost,general_idx,3,0.5,0.97458,0.02956,0.00087,0.97598,0.01493,0.00022,-1.33143,0.18335,No significant difference
cicids17,CatBoost,general_idx,3,0.6,0.98055,0.01897,0.00036,0.97957,0.01108,0.00012,1.39859,0.16224,No significant difference
cicids17,CatBoost,general_idx,3,0.7,0.98291,0.01076,0.00012,0.98126,0.00824,7e-05,3.78219,0.00016,Significant difference
cicids17,CatBoost,general_idx,3,0.8,0.98378,0.00606,4e-05,0.98282,0.00599,4e-05,3.58197,0.00036,Significant difference
cicids17,CatBoost,general_idx,3,0.9,0.98435,0.00252,1e-05,0.98377,0.00395,2e-05,3.94788,8e-05,Significant difference
cicids17,CatBoost,general_idx,4,0.0,0.01538,0.0,0.0,0.29948,0.10435,0.01089,-86.09363,0.0,Significant difference
cicids17,CatBoost,general_idx,4,0.1,0.54449,0.11273,0.01271,0.81148,0.07554,0.00571,-62.79482,0.0,Significant difference
cicids17,CatBoost,general_idx,4,0.2,0.80038,0.10579,0.01119,0.91163,0.04083,0.00167,-31.41164,0.0,Significant difference
cicids17,CatBoost,general_idx,4,0.3,0.89771,0.0761,0.00579,0.94698,0.02549,0.00065,-19.55573,0.0,Significant difference
cicids17,CatBoost,general_idx,4,0.4,0.94803,0.05559,0.00309,0.96178,0.01972,0.00039,-7.4015,0.0,Significant difference
cicids17,CatBoost,general_idx,4,0.5,0.97271,0.03737,0.0014,0.97017,0.01442,0.00021,2.00764,0.04495,Significant difference
cicids17,CatBoost,general_idx,4,0.6,0.97974,0.02095,0.00044,0.9762,0.01129,0.00013,4.74106,0.0,Significant difference
cicids17,CatBoost,general_idx,4,0.7,0.98215,0.01239,0.00015,0.98071,0.00805,6e-05,3.18318,0.0015,Significant difference
cicids17,CatBoost,general_idx,4,0.8,0.98351,0.00679,5e-05,0.98251,0.00597,4e-05,3.51935,0.00045,Significant difference
cicids17,CatBoost,general_idx,4,0.9,0.98411,0.00401,2e-05,0.98365,0.00404,2e-05,2.56086,0.01059,Significant difference
cicids17,CatBoost,general_idx,5,0.0,0.01538,0.0,0.0,0.27331,0.11833,0.014,-68.92647,0.0,Significant difference
cicids17,CatBoost,general_idx,5,0.1,0.54666,0.11066,0.01225,0.85842,0.07823,0.00612,-72.93953,0.0,Significant difference
cicids17,CatBoost,general_idx,5,0.2,0.80645,0.0993,0.00986,0.93603,0.04049,0.00164,-38.51467,0.0,Significant difference
cicids17,CatBoost,general_idx,5,0.3,0.90212,0.07079,0.00501,0.9566,0.02621,0.00069,-23.02363,0.0,Significant difference
cicids17,CatBoost,general_idx,5,0.4,0.95089,0.04823,0.00233,0.97043,0.01976,0.00039,-12.10231,0.0,Significant difference
cicids17,CatBoost,general_idx,5,0.5,0.97458,0.0302,0.00091,0.97725,0.01368,0.00019,-2.56709,0.0104,Significant difference
cicids17,CatBoost,general_idx,5,0.6,0.9804,0.0193,0.00037,0.97995,0.01038,0.00011,0.64426,0.51956,No significant difference
cicids17,CatBoost,general_idx,5,0.7,0.98271,0.01132,0.00013,0.98143,0.00826,7e-05,2.82868,0.00477,Significant difference
cicids17,CatBoost,general_idx,5,0.8,0.98378,0.00549,3e-05,0.98291,0.00552,3e-05,3.49478,0.0005,Significant difference
cicids17,CatBoost,general_idx,5,0.9,0.98431,0.00246,1e-05,0.98382,0.00368,1e-05,3.46964,0.00054,Significant difference
cicids17,CatBoost,general_idx,6,0.0,0.01538,0.0,0.0,0.28838,0.11714,0.01372,-73.7012,0.0,Significant difference
cicids17,CatBoost,general_idx,6,0.1,0.54477,0.11269,0.0127,0.85118,0.06587,0.00434,-73.65398,0.0,Significant difference
cicids17,CatBoost,general_idx,6,0.2,0.80048,0.10349,0.01071,0.92911,0.03945,0.00156,-36.84147,0.0,Significant difference
cicids17,CatBoost,general_idx,6,0.3,0.89955,0.07059,0.00498,0.95268,0.02559,0.00065,-22.66273,0.0,Significant difference
cicids17,CatBoost,general_idx,6,0.4,0.94914,0.05112,0.00261,0.96543,0.0191,0.00036,-9.53557,0.0,Significant difference
cicids17,CatBoost,general_idx,6,0.5,0.97323,0.03348,0.00112,0.97525,0.01589,0.00025,-1.73888,0.08236,No significant difference
cicids17,CatBoost,general_idx,6,0.6,0.98029,0.02043,0.00042,0.97951,0.01095,0.00012,1.09266,0.27481,No significant difference
cicids17,CatBoost,general_idx,6,0.7,0.98262,0.01232,0.00015,0.98117,0.0086,7e-05,3.08555,0.00209,Significant difference
cicids17,CatBoost,general_idx,6,0.8,0.98365,0.00743,6e-05,0.98242,0.00643,4e-05,4.02017,6e-05,Significant difference
cicids17,CatBoost,general_idx,6,0.9,0.98425,0.00369,1e-05,0.98365,0.00399,2e-05,3.53669,0.00042,Significant difference
cicids17,CatBoost,general_idx,7,0.0,0.01538,0.0,0.0,0.30128,0.1436,0.02062,-62.95951,0.0,Significant difference
cicids17,CatBoost,general_idx,7,0.1,0.55186,0.10798,0.01166,0.90711,0.07964,0.00634,-82.93556,0.0,Significant difference
cicids17,CatBoost,general_idx,7,0.2,0.80798,0.09891,0.00978,0.94412,0.04509,0.00203,-39.4093,0.0,Significant difference
cicids17,CatBoost,general_idx,7,0.3,0.90418,0.06843,0.00468,0.95892,0.02763,0.00076,-23.40093,0.0,Significant difference
cicids17,CatBoost,general_idx,7,0.4,0.95171,0.04843,0.00234,0.96629,0.01798,0.00032,-8.87078,0.0,Significant difference
cicids17,CatBoost,general_idx,7,0.5,0.97485,0.03099,0.00096,0.97314,0.01556,0.00024,1.55343,0.12064,No significant difference
cicids17,CatBoost,general_idx,7,0.6,0.98094,0.01796,0.00032,0.97817,0.0124,0.00015,3.95278,8e-05,Significant difference
cicids17,CatBoost,general_idx,7,0.7,0.98289,0.01068,0.00011,0.98057,0.00959,9e-05,5.04147,0.0,Significant difference
cicids17,CatBoost,general_idx,7,0.8,0.98378,0.00566,3e-05,0.98212,0.00757,6e-05,5.47776,0.0,Significant difference
cicids17,CatBoost,general_idx,7,0.9,0.98431,0.00265,1e-05,0.98343,0.00484,2e-05,4.96342,0.0,Significant difference
cicids17,CatBoost,general_idx,8,0.0,0.01538,0.0,0.0,0.32502,0.09949,0.0099,-98.4113,0.0,Significant difference
cicids17,CatBoost,general_idx,8,0.1,0.54275,0.11381,0.01295,0.77454,0.10975,0.01204,-45.55863,0.0,Significant difference
cicids17,CatBoost,general_idx,8,0.2,0.80351,0.10453,0.01093,0.88146,0.07047,0.00497,-19.48585,0.0,Significant difference
cicids17,CatBoost,general_idx,8,0.3,0.89954,0.07315,0.00535,0.92574,0.04988,0.00249,-9.33714,0.0,Significant difference
cicids17,CatBoost,general_idx,8,0.4,0.95011,0.05085,0.00259,0.95349,0.02807,0.00079,-1.85976,0.06321,No significant difference
cicids17,CatBoost,general_idx,8,0.5,0.97386,0.03127,0.00098,0.96542,0.01887,0.00036,7.24798,0.0,Significant difference
cicids17,CatBoost,general_idx,8,0.6,0.98012,0.01972,0.00039,0.97068,0.01526,0.00023,11.97349,0.0,Significant difference
cicids17,CatBoost,general_idx,8,0.7,0.98258,0.01142,0.00013,0.97351,0.01301,0.00017,16.7068,0.0,Significant difference
cicids17,CatBoost,general_idx,8,0.8,0.98357,0.00659,4e-05,0.97642,0.01153,0.00013,17.00751,0.0,Significant difference
cicids17,CatBoost,general_idx,8,0.9,0.9842,0.00338,1e-05,0.98034,0.00872,8e-05,13.11344,0.0,Significant difference
cicids17,CatBoost,general_idx,9,0.0,0.01538,0.0,0.0,0.28994,0.11174,0.01249,-77.69931,0.0,Significant difference
cicids17,CatBoost,general_idx,9,0.1,0.54898,0.11066,0.01224,0.75669,0.15981,0.02554,-34.31596,0.0,Significant difference
cicids17,CatBoost,general_idx,9,0.2,0.8052,0.09895,0.00979,0.87448,0.0961,0.00923,-16.03386,0.0,Significant difference
cicids17,CatBoost,general_idx,9,0.3,0.90149,0.06879,0.00473,0.92168,0.05788,0.00335,-7.08817,0.0,Significant difference
cicids17,CatBoost,general_idx,9,0.4,0.95134,0.04879,0.00238,0.9482,0.03412,0.00116,1.6706,0.09511,No significant difference
cicids17,CatBoost,general_idx,9,0.5,0.97398,0.03212,0.00103,0.95908,0.02418,0.00058,11.8624,0.0,Significant difference
cicids17,CatBoost,general_idx,9,0.6,0.98063,0.01965,0.00039,0.96632,0.01956,0.00038,16.30738,0.0,Significant difference
cicids17,CatBoost,general_idx,9,0.7,0.98289,0.01057,0.00011,0.97163,0.01668,0.00028,18.02155,0.0,Significant difference
cicids17,CatBoost,general_idx,9,0.8,0.98398,0.00422,2e-05,0.97603,0.01283,0.00016,18.55339,0.0,Significant difference
cicids17,CatBoost,general_idx,9,0.9,0.98438,0.00232,1e-05,0.98069,0.00817,7e-05,13.88656,0.0,Significant difference
cicids17,CatBoost,general_idx,10,0.0,0.01538,0.0,0.0,0.28509,0.12006,0.01441,-71.0404,0.0,Significant difference
cicids17,CatBoost,general_idx,10,0.1,0.54191,0.1162,0.0135,0.79429,0.1356,0.01839,-43.95671,0.0,Significant difference
cicids17,CatBoost,general_idx,10,0.2,0.80058,0.10925,0.01193,0.91148,0.06043,0.00365,-27.8674,0.0,Significant difference
cicids17,CatBoost,general_idx,10,0.3,0.89772,0.07695,0.00592,0.94828,0.03357,0.00113,-19.23599,0.0,Significant difference
cicids17,CatBoost,general_idx,10,0.4,0.94834,0.05479,0.003,0.95648,0.02561,0.00066,-4.34454,2e-05,Significant difference
cicids17,CatBoost,general_idx,10,0.5,0.97226,0.03685,0.00136,0.96406,0.01898,0.00036,6.3597,0.0,Significant difference
cicids17,CatBoost,general_idx,10,0.6,0.97974,0.02165,0.00047,0.97063,0.01469,0.00022,11.12364,0.0,Significant difference
cicids17,CatBoost,general_idx,10,0.7,0.98231,0.01276,0.00016,0.97545,0.01121,0.00013,12.46431,0.0,Significant difference
cicids17,CatBoost,general_idx,10,0.8,0.9834,0.00758,6e-05,0.97932,0.00811,7e-05,11.34802,0.0,Significant difference
cicids17,CatBoost,general_idx,10,0.9,0.98415,0.00334,1e-05,0.98232,0.00565,3e-05,8.70154,0.0,Significant difference
cicids17,RandomForest,general_idx,1,0.0,0.01538,0.0,0.0,0.15663,0.07125,0.00508,-62.69314,0.0,Significant difference
cicids17,RandomForest,general_idx,1,0.1,0.74309,0.02672,0.00071,0.66183,0.09766,0.00954,25.0034,0.0,Significant difference
cicids17,RandomForest,general_idx,1,0.2,0.94989,0.0151,0.00023,0.81828,0.07974,0.00636,51.14879,0.0,Significant difference
cicids17,RandomForest,general_idx,1,0.3,0.97134,0.00782,6e-05,0.88351,0.05744,0.0033,47.73334,0.0,Significant difference
cicids17,RandomForest,general_idx,1,0.4,0.98438,0.00386,1e-05,0.91837,0.04523,0.00205,45.94882,0.0,Significant difference
cicids17,RandomForest,general_idx,1,0.5,0.98445,0.00296,1e-05,0.94251,0.03718,0.00138,35.49906,0.0,Significant difference
cicids17,RandomForest,general_idx,1,0.6,0.98452,0.00182,0.0,0.95903,0.02886,0.00083,27.86986,0.0,Significant difference
cicids17,RandomForest,general_idx,1,0.7,0.98455,0.00138,0.0,0.97172,0.01914,0.00037,21.12915,0.0,Significant difference
cicids17,RandomForest,general_idx,1,0.8,0.9846,0.00049,0.0,0.97874,0.01053,0.00011,17.56844,0.0,Significant difference
cicids17,RandomForest,general_idx,1,0.9,0.98462,0.0,0.0,0.98208,0.00592,4e-05,13.56645,0.0,Significant difference
cicids17,RandomForest,general_idx,2,0.0,0.01538,0.0,0.0,0.16815,0.07036,0.00495,-68.66094,0.0,Significant difference
cicids17,RandomForest,general_idx,2,0.1,0.74438,0.02673,0.00071,0.64048,0.10215,0.01044,30.89037,0.0,Significant difference
cicids17,RandomForest,general_idx,2,0.2,0.95038,0.01532,0.00023,0.80314,0.08964,0.00804,51.15186,0.0,Significant difference
cicids17,RandomForest,general_idx,2,0.3,0.97128,0.00772,6e-05,0.87295,0.0636,0.00405,48.35345,0.0,Significant difference
cicids17,RandomForest,general_idx,2,0.4,0.98437,0.00429,2e-05,0.91326,0.04984,0.00248,44.82998,0.0,Significant difference
cicids17,RandomForest,general_idx,2,0.5,0.98446,0.00257,1e-05,0.93903,0.03998,0.0016,35.80092,0.0,Significant difference
cicids17,RandomForest,general_idx,2,0.6,0.98451,0.002,0.0,0.95982,0.02625,0.00069,29.61117,0.0,Significant difference
cicids17,RandomForest,general_idx,2,0.7,0.98455,0.00138,0.0,0.97098,0.01809,0.00033,23.62761,0.0,Significant difference
cicids17,RandomForest,general_idx,2,0.8,0.9846,0.00049,0.0,0.97735,0.01141,0.00013,20.05235,0.0,Significant difference
cicids17,RandomForest,general_idx,2,0.9,0.98462,0.0,0.0,0.98157,0.00683,5e-05,14.10717,0.0,Significant difference
cicids17,RandomForest,general_idx,3,0.0,0.01538,0.0,0.0,0.16398,0.07149,0.00511,-65.73287,0.0,Significant difference
cicids17,RandomForest,general_idx,3,0.1,0.74365,0.02647,0.0007,0.66466,0.10485,0.01099,23.00835,0.0,Significant difference
cicids17,RandomForest,general_idx,3,0.2,0.95015,0.01621,0.00026,0.81909,0.0853,0.00728,47.90246,0.0,Significant difference
cicids17,RandomForest,general_idx,3,0.3,0.97117,0.00754,6e-05,0.88451,0.06089,0.00371,44.68355,0.0,Significant difference
cicids17,RandomForest,general_idx,3,0.4,0.98432,0.00442,2e-05,0.92046,0.04919,0.00242,40.85241,0.0,Significant difference
cicids17,RandomForest,general_idx,3,0.5,0.98448,0.00243,1e-05,0.94405,0.03625,0.00131,35.14573,0.0,Significant difference
cicids17,RandomForest,general_idx,3,0.6,0.98452,0.00182,0.0,0.96017,0.0261,0.00068,29.4668,0.0,Significant difference
cicids17,RandomForest,general_idx,3,0.7,0.98454,0.00175,0.0,0.97249,0.01762,0.00031,21.55765,0.0,Significant difference
cicids17,RandomForest,general_idx,3,0.8,0.98458,0.00069,0.0,0.97925,0.00963,9e-05,17.50419,0.0,Significant difference
cicids17,RandomForest,general_idx,3,0.9,0.9846,0.00049,0.0,0.98242,0.00605,4e-05,11.36939,0.0,Significant difference
cicids17,RandomForest,general_idx,4,0.0,0.01538,0.0,0.0,0.16398,0.06879,0.00473,-68.30847,0.0,Significant difference
cicids17,RandomForest,general_idx,4,0.1,0.74342,0.02615,0.00068,0.66132,0.09966,0.00993,24.96054,0.0,Significant difference
cicids17,RandomForest,general_idx,4,0.2,0.95015,0.01578,0.00025,0.82046,0.08855,0.00784,45.52078,0.0,Significant difference
cicids17,RandomForest,general_idx,4,0.3,0.97111,0.00768,6e-05,0.88052,0.06174,0.00381,45.8214,0.0,Significant difference
cicids17,RandomForest,general_idx,4,0.4,0.98437,0.00418,2e-05,0.91763,0.0482,0.00232,43.5993,0.0,Significant difference
cicids17,RandomForest,general_idx,4,0.5,0.98443,0.00315,1e-05,0.93903,0.04044,0.00164,35.35319,0.0,Significant difference
cicids17,RandomForest,general_idx,4,0.6,0.98452,0.00182,0.0,0.95583,0.0321,0.00103,28.23445,0.0,Significant difference
cicids17,RandomForest,general_idx,4,0.7,0.98455,0.00138,0.0,0.96863,0.02265,0.00051,22.18788,0.0,Significant difference
cicids17,RandomForest,general_idx,4,0.8,0.9846,0.00049,0.0,0.9768,0.01324,0.00018,18.60386,0.0,Significant difference
cicids17,RandomForest,general_idx,4,0.9,0.98462,0.0,0.0,0.98169,0.00685,5e-05,13.49937,0.0,Significant difference
cicids17,RandomForest,general_idx,5,0.0,0.01538,0.0,0.0,0.17194,0.07551,0.0057,-65.56146,0.0,Significant difference
cicids17,RandomForest,general_idx,5,0.1,0.74462,0.02777,0.00077,0.67868,0.12066,0.01456,16.76991,0.0,Significant difference
cicids17,RandomForest,general_idx,5,0.2,0.95009,0.01552,0.00024,0.81905,0.08954,0.00802,45.55495,0.0,Significant difference
cicids17,RandomForest,general_idx,5,0.3,0.97112,0.00766,6e-05,0.88125,0.06402,0.0041,43.94256,0.0,Significant difference
cicids17,RandomForest,general_idx,5,0.4,0.98438,0.00386,1e-05,0.9196,0.04904,0.0024,41.604,0.0,Significant difference
cicids17,RandomForest,general_idx,5,0.5,0.98448,0.00279,1e-05,0.94134,0.03908,0.00153,34.76306,0.0,Significant difference
cicids17,RandomForest,general_idx,5,0.6,0.98452,0.00182,0.0,0.95928,0.0318,0.00101,25.03545,0.0,Significant difference
cicids17,RandomForest,general_idx,5,0.7,0.98455,0.00138,0.0,0.97118,0.02009,0.0004,20.98058,0.0,Significant difference
cicids17,RandomForest,general_idx,5,0.8,0.98458,0.00069,0.0,0.9774,0.01183,0.00014,19.13699,0.0,Significant difference
cicids17,RandomForest,general_idx,5,0.9,0.9846,0.00049,0.0,0.98146,0.0069,5e-05,14.33259,0.0,Significant difference
cicids17,RandomForest,general_idx,6,0.0,0.01538,0.0,0.0,0.1598,0.07038,0.00495,-64.89064,0.0,Significant difference
cicids17,RandomForest,general_idx,6,0.1,0.74508,0.02647,0.0007,0.65088,0.10732,0.01152,27.05241,0.0,Significant difference
cicids17,RandomForest,general_idx,6,0.2,0.95025,0.01575,0.00025,0.80618,0.08583,0.00737,51.90856,0.0,Significant difference
cicids17,RandomForest,general_idx,6,0.3,0.97131,0.00807,7e-05,0.87502,0.06287,0.00395,47.65083,0.0,Significant difference
cicids17,RandomForest,general_idx,6,0.4,0.98437,0.00418,2e-05,0.91657,0.04877,0.00238,43.70975,0.0,Significant difference
cicids17,RandomForest,general_idx,6,0.5,0.98445,0.00296,1e-05,0.9412,0.0352,0.00124,38.62453,0.0,Significant difference
cicids17,RandomForest,general_idx,6,0.6,0.98454,0.00175,0.0,0.95872,0.02409,0.00058,33.7852,0.0,Significant difference
cicids17,RandomForest,general_idx,6,0.7,0.98454,0.00175,0.0,0.97066,0.0162,0.00026,26.86233,0.0,Significant difference
cicids17,RandomForest,general_idx,6,0.8,0.98458,0.00097,0.0,0.97809,0.01035,0.00011,19.71071,0.0,Significant difference
cicids17,RandomForest,general_idx,6,0.9,0.9846,0.00049,0.0,0.98177,0.00643,4e-05,13.85692,0.0,Significant difference
cicids17,RandomForest,general_idx,7,0.0,0.01538,0.0,0.0,0.15745,0.06809,0.00464,-65.97257,0.0,Significant difference
cicids17,RandomForest,general_idx,7,0.1,0.74414,0.02654,0.0007,0.66782,0.11868,0.01408,19.62366,0.0,Significant difference
cicids17,RandomForest,general_idx,7,0.2,0.94998,0.01591,0.00025,0.81166,0.08861,0.00785,48.59279,0.0,Significant difference
cicids17,RandomForest,general_idx,7,0.3,0.97115,0.00793,6e-05,0.88034,0.06432,0.00414,44.03316,0.0,Significant difference
cicids17,RandomForest,general_idx,7,0.4,0.98437,0.00395,2e-05,0.91889,0.04832,0.00234,42.58886,0.0,Significant difference
cicids17,RandomForest,general_idx,7,0.5,0.98446,0.00283,1e-05,0.9434,0.03898,0.00152,33.15101,0.0,Significant difference
cicids17,RandomForest,general_idx,7,0.6,0.98454,0.00175,0.0,0.96322,0.02551,0.00065,26.35453,0.0,Significant difference
cicids17,RandomForest,general_idx,7,0.7,0.98455,0.00138,0.0,0.97309,0.01632,0.00027,22.15157,0.0,Significant difference
cicids17,RandomForest,general_idx,7,0.8,0.98458,0.00097,0.0,0.97817,0.01068,0.00011,18.88447,0.0,Significant difference
cicids17,RandomForest,general_idx,7,0.9,0.98462,0.0,0.0,0.98169,0.00681,5e-05,13.5681,0.0,Significant difference
cicids17,RandomForest,general_idx,8,0.0,0.01538,0.0,0.0,0.16369,0.07157,0.00512,-65.52512,0.0,Significant difference
cicids17,RandomForest,general_idx,8,0.1,0.74415,0.02733,0.00075,0.65485,0.11049,0.01221,24.82546,0.0,Significant difference
cicids17,RandomForest,general_idx,8,0.2,0.95011,0.01597,0.00025,0.81557,0.09204,0.00847,45.62696,0.0,Significant difference
cicids17,RandomForest,general_idx,8,0.3,0.97128,0.00816,7e-05,0.87938,0.06585,0.00434,43.5567,0.0,Significant difference
cicids17,RandomForest,general_idx,8,0.4,0.98437,0.00395,2e-05,0.91712,0.05039,0.00254,41.98966,0.0,Significant difference
cicids17,RandomForest,general_idx,8,0.5,0.98445,0.00296,1e-05,0.93971,0.04003,0.0016,35.14502,0.0,Significant difference
cicids17,RandomForest,general_idx,8,0.6,0.98452,0.00182,0.0,0.95646,0.02716,0.00074,32.53945,0.0,Significant difference
cicids17,RandomForest,general_idx,8,0.7,0.98455,0.00138,0.0,0.96808,0.01744,0.0003,29.68981,0.0,Significant difference
cicids17,RandomForest,general_idx,8,0.8,0.9846,0.00049,0.0,0.97703,0.01093,0.00012,21.86251,0.0,Significant difference
cicids17,RandomForest,general_idx,8,0.9,0.9846,0.00049,0.0,0.98138,0.00678,5e-05,14.94709,0.0,Significant difference
cicids17,RandomForest,general_idx,9,0.0,0.01538,0.0,0.0,0.17674,0.071,0.00504,-71.86402,0.0,Significant difference
cicids17,RandomForest,general_idx,9,0.1,0.74231,0.0272,0.00074,0.68803,0.11111,0.01234,14.98489,0.0,Significant difference
cicids17,RandomForest,general_idx,9,0.2,0.94968,0.01471,0.00022,0.83194,0.08733,0.00763,42.47012,0.0,Significant difference
cicids17,RandomForest,general_idx,9,0.3,0.97126,0.00774,6e-05,0.88891,0.06207,0.00385,41.87821,0.0,Significant difference
cicids17,RandomForest,general_idx,9,0.4,0.98438,0.00386,1e-05,0.92045,0.0477,0.00228,42.22096,0.0,Significant difference
cicids17,RandomForest,general_idx,9,0.5,0.98445,0.00296,1e-05,0.94182,0.03925,0.00154,34.22001,0.0,Significant difference
cicids17,RandomForest,general_idx,9,0.6,0.98452,0.00182,0.0,0.95855,0.02941,0.00086,27.89295,0.0,Significant difference
cicids17,RandomForest,general_idx,9,0.7,0.98455,0.00138,0.0,0.97068,0.02024,0.00041,21.71055,0.0,Significant difference
cicids17,RandomForest,general_idx,9,0.8,0.9846,0.00049,0.0,0.97774,0.01175,0.00014,18.42929,0.0,Significant difference
cicids17,RandomForest,general_idx,9,0.9,0.98462,0.0,0.0,0.98146,0.0072,5e-05,13.84648,0.0,Significant difference
cicids17,RandomForest,general_idx,10,0.0,0.01538,0.0,0.0,0.18789,0.07525,0.00566,-72.49515,0.0,Significant difference
cicids17,RandomForest,general_idx,10,0.1,0.7436,0.02621,0.00069,0.68874,0.12375,0.01531,13.6706,0.0,Significant difference
cicids17,RandomForest,general_idx,10,0.2,0.95025,0.01542,0.00024,0.82788,0.09045,0.00818,42.12682,0.0,Significant difference
cicids17,RandomForest,general_idx,10,0.3,0.97109,0.00723,5e-05,0.88725,0.06224,0.00387,42.2263,0.0,Significant difference
cicids17,RandomForest,general_idx,10,0.4,0.9844,0.00357,1e-05,0.92177,0.04908,0.00241,40.29278,0.0,Significant difference
cicids17,RandomForest,general_idx,10,0.5,0.98446,0.00283,1e-05,0.94295,0.03996,0.0016,32.72385,0.0,Significant difference
cicids17,RandomForest,general_idx,10,0.6,0.98454,0.00175,0.0,0.961,0.02802,0.00078,26.54386,0.0,Significant difference
cicids17,RandomForest,general_idx,10,0.7,0.98455,0.00138,0.0,0.97254,0.01762,0.00031,21.54244,0.0,Significant difference
cicids17,RandomForest,general_idx,10,0.8,0.9846,0.00049,0.0,0.97785,0.01076,0.00012,19.81644,0.0,Significant difference
cicids17,RandomForest,general_idx,10,0.9,0.98462,0.0,0.0,0.98162,0.00676,5e-05,14.0303,0.0,Significant difference
cicids17,XGBoost,general_idx,1,0.0,0.01538,0.0,0.0,0.34671,0.12411,0.0154,-84.41935,0.0,Significant difference
cicids17,XGBoost,general_idx,1,0.1,0.26085,0.06224,0.00387,0.81674,0.09324,0.00869,-155.78461,0.0,Significant difference
cicids17,XGBoost,general_idx,1,0.2,0.47768,0.08448,0.00714,0.9192,0.04706,0.00221,-143.61293,0.0,Significant difference
cicids17,XGBoost,general_idx,1,0.3,0.64855,0.0883,0.0078,0.95026,0.02819,0.00079,-102.9396,0.0,Significant difference
cicids17,XGBoost,general_idx,1,0.4,0.77182,0.07665,0.00588,0.96226,0.02242,0.0005,-74.73956,0.0,Significant difference
cicids17,XGBoost,general_idx,1,0.5,0.85332,0.06084,0.0037,0.97032,0.01633,0.00027,-58.93113,0.0,Significant difference
cicids17,XGBoost,general_idx,1,0.6,0.9058,0.04566,0.00208,0.97645,0.01242,0.00015,-47.35042,0.0,Significant difference
cicids17,XGBoost,general_idx,1,0.7,0.93929,0.03315,0.0011,0.98049,0.00903,8e-05,-37.71697,0.0,Significant difference
cicids17,XGBoost,general_idx,1,0.8,0.96094,0.02242,0.0005,0.98191,0.00707,5e-05,-28.46061,0.0,Significant difference
cicids17,XGBoost,general_idx,1,0.9,0.97525,0.01326,0.00018,0.98338,0.00434,2e-05,-18.79778,0.0,Significant difference
cicids17,XGBoost,general_idx,2,0.0,0.01538,0.0,0.0,0.37292,0.10785,0.01163,-104.83845,0.0,Significant difference
cicids17,XGBoost,general_idx,2,0.1,0.26029,0.06414,0.00411,0.79965,0.07554,0.00571,-173.17795,0.0,Significant difference
cicids17,XGBoost,general_idx,2,0.2,0.47657,0.08679,0.00753,0.89685,0.0475,0.00226,-136.70829,0.0,Significant difference
cicids17,XGBoost,general_idx,2,0.3,0.64651,0.08705,0.00758,0.94325,0.02912,0.00085,-102.55451,0.0,Significant difference
cicids17,XGBoost,general_idx,2,0.4,0.7696,0.07641,0.00584,0.96049,0.02085,0.00043,-76.71004,0.0,Significant difference
cicids17,XGBoost,general_idx,2,0.5,0.85248,0.06116,0.00374,0.9696,0.01714,0.00029,-58.58561,0.0,Significant difference
cicids17,XGBoost,general_idx,2,0.6,0.90609,0.04539,0.00206,0.9766,0.01331,0.00018,-47.48668,0.0,Significant difference
cicids17,XGBoost,general_idx,2,0.7,0.93946,0.03259,0.00106,0.98038,0.0097,9e-05,-38.31716,0.0,Significant difference
cicids17,XGBoost,general_idx,2,0.8,0.96085,0.02222,0.00049,0.98186,0.00743,6e-05,-28.60569,0.0,Significant difference
cicids17,XGBoost,general_idx,2,0.9,0.97511,0.0129,0.00017,0.98303,0.0053,3e-05,-18.02207,0.0,Significant difference
cicids17,XGBoost,general_idx,3,0.0,0.01538,0.0,0.0,0.33168,0.12204,0.01489,-81.95622,0.0,Significant difference
cicids17,XGBoost,general_idx,3,0.1,0.25746,0.06577,0.00433,0.83014,0.08083,0.00653,-170.65285,0.0,Significant difference
cicids17,XGBoost,general_idx,3,0.2,0.47518,0.08588,0.00737,0.92737,0.04348,0.00189,-149.46393,0.0,Significant difference
cicids17,XGBoost,general_idx,3,0.3,0.64652,0.08638,0.00746,0.94831,0.02867,0.00082,-103.836,0.0,Significant difference
cicids17,XGBoost,general_idx,3,0.4,0.76814,0.07588,0.00576,0.96283,0.0235,0.00055,-77.30448,0.0,Significant difference
cicids17,XGBoost,general_idx,3,0.5,0.85062,0.06088,0.00371,0.97489,0.01855,0.00034,-61.69278,0.0,Significant difference
cicids17,XGBoost,general_idx,3,0.6,0.90397,0.04662,0.00217,0.97875,0.0137,0.00019,-48.49925,0.0,Significant difference
cicids17,XGBoost,general_idx,3,0.7,0.93842,0.03269,0.00107,0.98063,0.00946,9e-05,-39.10678,0.0,Significant difference
cicids17,XGBoost,general_idx,3,0.8,0.9608,0.02166,0.00047,0.98166,0.00743,6e-05,-28.92671,0.0,Significant difference
cicids17,XGBoost,general_idx,3,0.9,0.97549,0.01325,0.00018,0.98329,0.00488,2e-05,-17.63249,0.0,Significant difference
cicids17,XGBoost,general_idx,4,0.0,0.01538,0.0,0.0,0.36482,0.10827,0.01172,-102.06038,0.0,Significant difference
cicids17,XGBoost,general_idx,4,0.1,0.25923,0.06519,0.00425,0.76949,0.08342,0.00696,-154.7546,0.0,Significant difference
cicids17,XGBoost,general_idx,4,0.2,0.47197,0.08373,0.00701,0.87609,0.04904,0.0024,-134.55334,0.0,Significant difference
cicids17,XGBoost,general_idx,4,0.3,0.64677,0.08799,0.00774,0.92,0.0356,0.00127,-91.70013,0.0,Significant difference
cicids17,XGBoost,general_idx,4,0.4,0.76952,0.07764,0.00603,0.94731,0.02628,0.00069,-68.03097,0.0,Significant difference
cicids17,XGBoost,general_idx,4,0.5,0.85098,0.06174,0.00381,0.96449,0.01868,0.00035,-55.64746,0.0,Significant difference
cicids17,XGBoost,general_idx,4,0.6,0.90534,0.04471,0.002,0.97143,0.01236,0.00015,-44.82895,0.0,Significant difference
cicids17,XGBoost,general_idx,4,0.7,0.93888,0.03168,0.001,0.97494,0.00985,0.0001,-34.4994,0.0,Significant difference
cicids17,XGBoost,general_idx,4,0.8,0.96103,0.0215,0.00046,0.97757,0.00843,7e-05,-22.87968,0.0,Significant difference
cicids17,XGBoost,general_idx,4,0.9,0.97602,0.01226,0.00015,0.98165,0.00634,4e-05,-13.13169,0.0,Significant difference
cicids17,XGBoost,general_idx,5,0.0,0.01538,0.0,0.0,0.33602,0.12687,0.0161,-79.91587,0.0,Significant difference
cicids17,XGBoost,general_idx,5,0.1,0.25769,0.06257,0.00391,0.8094,0.09725,0.00946,-154.56537,0.0,Significant difference
cicids17,XGBoost,general_idx,5,0.2,0.47243,0.08456,0.00715,0.91483,0.05154,0.00266,-143.60319,0.0,Significant difference
cicids17,XGBoost,general_idx,5,0.3,0.64554,0.08535,0.00729,0.94686,0.03157,0.001,-106.11289,0.0,Significant difference
cicids17,XGBoost,general_idx,5,0.4,0.76809,0.07472,0.00558,0.9564,0.02551,0.00065,-76.22924,0.0,Significant difference
cicids17,XGBoost,general_idx,5,0.5,0.85183,0.06085,0.0037,0.96671,0.0206,0.00042,-56.73738,0.0,Significant difference
cicids17,XGBoost,general_idx,5,0.6,0.90377,0.04544,0.00206,0.97686,0.01375,0.00019,-48.73782,0.0,Significant difference
cicids17,XGBoost,general_idx,5,0.7,0.93865,0.03266,0.00107,0.98042,0.00993,0.0001,-38.79096,0.0,Significant difference
cicids17,XGBoost,general_idx,5,0.8,0.96163,0.02131,0.00045,0.98137,0.00783,6e-05,-27.49721,0.0,Significant difference
cicids17,XGBoost,general_idx,5,0.9,0.97563,0.01238,0.00015,0.98271,0.00569,3e-05,-16.37447,0.0,Significant difference
cicids17,XGBoost,general_idx,6,0.0,0.01538,0.0,0.0,0.35829,0.11907,0.01418,-91.07238,0.0,Significant difference
cicids17,XGBoost,general_idx,6,0.1,0.25571,0.06299,0.00397,0.80714,0.0691,0.00477,-181.57418,0.0,Significant difference
cicids17,XGBoost,general_idx,6,0.2,0.47231,0.0843,0.00711,0.90583,0.04011,0.00161,-144.25352,0.0,Significant difference
cicids17,XGBoost,general_idx,6,0.3,0.64122,0.08802,0.00775,0.94428,0.02713,0.00074,-103.07974,0.0,Significant difference
cicids17,XGBoost,general_idx,6,0.4,0.76489,0.07953,0.00633,0.96066,0.02099,0.00044,-74.53572,0.0,Significant difference
cicids17,XGBoost,general_idx,6,0.5,0.84871,0.06443,0.00415,0.97268,0.01689,0.00029,-58.19939,0.0,Significant difference
cicids17,XGBoost,general_idx,6,0.6,0.90289,0.04767,0.00227,0.97843,0.01303,0.00017,-47.62609,0.0,Significant difference
cicids17,XGBoost,general_idx,6,0.7,0.93722,0.03423,0.00117,0.98062,0.00914,8e-05,-38.37345,0.0,Significant difference
cicids17,XGBoost,general_idx,6,0.8,0.96063,0.02294,0.00053,0.9816,0.00721,5e-05,-27.44897,0.0,Significant difference
cicids17,XGBoost,general_idx,6,0.9,0.97525,0.01295,0.00017,0.98318,0.00511,3e-05,-17.84004,0.0,Significant difference
cicids17,XGBoost,general_idx,7,0.0,0.01538,0.0,0.0,0.36772,0.12836,0.01648,-86.80482,0.0,Significant difference
cicids17,XGBoost,general_idx,7,0.1,0.25909,0.06331,0.00401,0.88605,0.06555,0.0043,-218.49986,0.0,Significant difference
cicids17,XGBoost,general_idx,7,0.2,0.47326,0.08343,0.00696,0.94549,0.03616,0.00131,-163.52313,0.0,Significant difference
cicids17,XGBoost,general_idx,7,0.3,0.64375,0.08612,0.00742,0.95898,0.02496,0.00062,-110.48062,0.0,Significant difference
cicids17,XGBoost,general_idx,7,0.4,0.76695,0.07823,0.00612,0.96478,0.01968,0.00039,-77.45728,0.0,Significant difference
cicids17,XGBoost,general_idx,7,0.5,0.84922,0.06183,0.00382,0.97297,0.01576,0.00025,-61.34338,0.0,Significant difference
cicids17,XGBoost,general_idx,7,0.6,0.9042,0.04438,0.00197,0.97748,0.01181,0.00014,-49.94648,0.0,Significant difference
cicids17,XGBoost,general_idx,7,0.7,0.93857,0.03225,0.00104,0.98077,0.00854,7e-05,-39.9273,0.0,Significant difference
cicids17,XGBoost,general_idx,7,0.8,0.96146,0.02169,0.00047,0.98246,0.00613,4e-05,-29.37057,0.0,Significant difference
cicids17,XGBoost,general_idx,7,0.9,0.97525,0.01284,0.00016,0.98368,0.00375,1e-05,-19.76827,0.0,Significant difference
cicids17,XGBoost,general_idx,8,0.0,0.01538,0.0,0.0,0.39134,0.09529,0.00908,-124.75914,0.0,Significant difference
cicids17,XGBoost,general_idx,8,0.1,0.2592,0.06483,0.0042,0.77312,0.08536,0.00729,-150.04652,0.0,Significant difference
cicids17,XGBoost,general_idx,8,0.2,0.47515,0.08264,0.00683,0.86949,0.05566,0.0031,-122.08669,0.0,Significant difference
cicids17,XGBoost,general_idx,8,0.3,0.64398,0.08478,0.00719,0.92809,0.03661,0.00134,-95.31687,0.0,Significant difference
cicids17,XGBoost,general_idx,8,0.4,0.76688,0.07573,0.00573,0.95588,0.02761,0.00076,-74.20938,0.0,Significant difference
cicids17,XGBoost,general_idx,8,0.5,0.84992,0.05964,0.00356,0.96683,0.01985,0.00039,-59.18921,0.0,Significant difference
cicids17,XGBoost,general_idx,8,0.6,0.90349,0.04537,0.00206,0.97434,0.01527,0.00023,-46.68286,0.0,Significant difference
cicids17,XGBoost,general_idx,8,0.7,0.93909,0.03279,0.00107,0.97831,0.0115,0.00013,-35.24395,0.0,Significant difference
cicids17,XGBoost,general_idx,8,0.8,0.96106,0.02222,0.00049,0.98103,0.00795,6e-05,-26.74412,0.0,Significant difference
cicids17,XGBoost,general_idx,8,0.9,0.9748,0.01381,0.00019,0.98292,0.00501,3e-05,-17.59886,0.0,Significant difference
cicids17,XGBoost,general_idx,9,0.0,0.01538,0.0,0.0,0.35343,0.11014,0.01213,-97.05714,0.0,Significant difference
cicids17,XGBoost,general_idx,9,0.1,0.26115,0.06143,0.00377,0.78269,0.1097,0.01203,-132.81445,0.0,Significant difference
cicids17,XGBoost,general_idx,9,0.2,0.47403,0.08529,0.00728,0.88332,0.07341,0.00539,-114.42052,0.0,Significant difference
cicids17,XGBoost,general_idx,9,0.3,0.64483,0.08571,0.00735,0.93125,0.04596,0.00211,-93.48083,0.0,Significant difference
cicids17,XGBoost,general_idx,9,0.4,0.77075,0.07552,0.0057,0.95654,0.0274,0.00075,-74.27953,0.0,Significant difference
cicids17,XGBoost,general_idx,9,0.5,0.85094,0.06091,0.00371,0.96435,0.01968,0.00039,-56.89585,0.0,Significant difference
cicids17,XGBoost,general_idx,9,0.6,0.90334,0.04715,0.00222,0.96917,0.01536,0.00024,-42.16335,0.0,Significant difference
cicids17,XGBoost,general_idx,9,0.7,0.93808,0.03398,0.00115,0.97377,0.01166,0.00014,-31.6564,0.0,Significant difference
cicids17,XGBoost,general_idx,9,0.8,0.96097,0.02313,0.00054,0.97612,0.0092,8e-05,-19.55461,0.0,Significant difference
cicids17,XGBoost,general_idx,9,0.9,0.97566,0.01311,0.00017,0.97934,0.00756,6e-05,-7.6943,0.0,Significant difference
cicids17,XGBoost,general_idx,10,0.0,0.01538,0.0,0.0,0.35223,0.12266,0.01505,-86.83875,0.0,Significant difference
cicids17,XGBoost,general_idx,10,0.1,0.25848,0.06491,0.00421,0.82858,0.09069,0.00822,-166.93184,0.0,Significant difference
cicids17,XGBoost,general_idx,10,0.2,0.47562,0.08369,0.007,0.9194,0.04521,0.00204,-151.86657,0.0,Significant difference
cicids17,XGBoost,general_idx,10,0.3,0.64309,0.08462,0.00716,0.94768,0.02943,0.00087,-111.49827,0.0,Significant difference
cicids17,XGBoost,general_idx,10,0.4,0.76685,0.07494,0.00562,0.9602,0.02308,0.00053,-79.46732,0.0,Significant difference
cicids17,XGBoost,general_idx,10,0.5,0.84926,0.06073,0.00369,0.9656,0.01849,0.00034,-58.94764,0.0,Significant difference
cicids17,XGBoost,general_idx,10,0.6,0.90402,0.04603,0.00212,0.97043,0.01491,0.00022,-43.9501,0.0,Significant difference
cicids17,XGBoost,general_idx,10,0.7,0.93808,0.03329,0.00111,0.97742,0.01074,0.00012,-35.67985,0.0,Significant difference
cicids17,XGBoost,general_idx,10,0.8,0.96071,0.02246,0.0005,0.98112,0.00756,6e-05,-27.33656,0.0,Significant difference
cicids17,XGBoost,general_idx,10,0.9,0.97508,0.01289,0.00017,0.98322,0.00498,2e-05,-18.99079,0.0,Significant difference
cicids18,CatBoost,general_idx,1,0.0,0.01587,0.0,0.0,0.2671,0.1353,0.01831,-58.71455,0.0,Significant difference
cicids18,CatBoost,general_idx,1,0.1,0.41829,0.08656,0.00749,0.82911,0.08915,0.00795,-107.37647,0.0,Significant difference
cicids18,CatBoost,general_idx,1,0.2,0.68946,0.085,0.00723,0.91589,0.04703,0.00221,-74.88931,0.0,Significant difference
cicids18,CatBoost,general_idx,1,0.3,0.83689,0.06232,0.00388,0.94025,0.03477,0.00121,-46.35893,0.0,Significant difference
cicids18,CatBoost,general_idx,1,0.4,0.90671,0.03889,0.00151,0.95263,0.02523,0.00064,-31.53901,0.0,Significant difference
cicids18,CatBoost,general_idx,1,0.5,0.93917,0.02431,0.00059,0.96216,0.01752,0.00031,-24.2588,0.0,Significant difference
cicids18,CatBoost,general_idx,1,0.6,0.95581,0.01694,0.00029,0.9706,0.01503,0.00023,-21.1093,0.0,Significant difference
cicids18,CatBoost,general_idx,1,0.7,0.9664,0.01336,0.00018,0.9781,0.01171,0.00014,-20.75363,0.0,Significant difference
cicids18,CatBoost,general_idx,1,0.8,0.97392,0.01093,0.00012,0.98103,0.00792,6e-05,-16.64956,0.0,Significant difference
cicids18,CatBoost,general_idx,1,0.9,0.9794,0.00773,6e-05,0.98302,0.00458,2e-05,-12.94272,0.0,Significant difference
cicids18,CatBoost,general_idx,2,0.0,0.01587,0.0,0.0,0.30527,0.12977,0.01684,-70.52219,0.0,Significant difference
cicids18,CatBoost,general_idx,2,0.1,0.41502,0.09145,0.00836,0.83297,0.08429,0.0071,-108.13143,0.0,Significant difference
cicids18,CatBoost,general_idx,2,0.2,0.68617,0.09468,0.00896,0.9203,0.04426,0.00196,-72.49501,0.0,Significant difference
cicids18,CatBoost,general_idx,2,0.3,0.83511,0.07219,0.00521,0.94738,0.02655,0.00071,-47.33036,0.0,Significant difference
cicids18,CatBoost,general_idx,2,0.4,0.90546,0.04819,0.00232,0.96049,0.01925,0.00037,-34.20592,0.0,Significant difference
cicids18,CatBoost,general_idx,2,0.5,0.93786,0.0305,0.00093,0.96743,0.01513,0.00023,-27.86282,0.0,Significant difference
cicids18,CatBoost,general_idx,2,0.6,0.95562,0.01972,0.00039,0.9724,0.01275,0.00016,-23.32359,0.0,Significant difference
cicids18,CatBoost,general_idx,2,0.7,0.96579,0.01502,0.00023,0.97543,0.01012,0.0001,-17.04748,0.0,Significant difference
cicids18,CatBoost,general_idx,2,0.8,0.97365,0.0117,0.00014,0.97838,0.00833,7e-05,-10.34357,0.0,Significant difference
cicids18,CatBoost,general_idx,2,0.9,0.97935,0.00847,7e-05,0.98184,0.00593,4e-05,-7.709,0.0,Significant difference
cicids18,CatBoost,general_idx,3,0.0,0.01587,0.0,0.0,0.2864,0.12383,0.01533,-69.08213,0.0,Significant difference
cicids18,CatBoost,general_idx,3,0.1,0.42027,0.08979,0.00806,0.79141,0.1026,0.01053,-88.84566,0.0,Significant difference
cicids18,CatBoost,general_idx,3,0.2,0.69283,0.09153,0.00838,0.89208,0.0541,0.00293,-59.61451,0.0,Significant difference
cicids18,CatBoost,general_idx,3,0.3,0.83573,0.06993,0.00489,0.93589,0.03037,0.00092,-41.15366,0.0,Significant difference
cicids18,CatBoost,general_idx,3,0.4,0.90576,0.04595,0.00211,0.95113,0.02314,0.00054,-27.51817,0.0,Significant difference
cicids18,CatBoost,general_idx,3,0.5,0.93749,0.02844,0.00081,0.95975,0.0198,0.00039,-19.77706,0.0,Significant difference
cicids18,CatBoost,general_idx,3,0.6,0.95565,0.01827,0.00033,0.96819,0.01666,0.00028,-16.13153,0.0,Significant difference
cicids18,CatBoost,general_idx,3,0.7,0.96619,0.01393,0.00019,0.97387,0.01283,0.00016,-13.03298,0.0,Significant difference
cicids18,CatBoost,general_idx,3,0.8,0.97406,0.0107,0.00011,0.97881,0.01028,0.00011,-10.2893,0.0,Significant difference
cicids18,CatBoost,general_idx,3,0.9,0.97968,0.00781,6e-05,0.9819,0.00652,4e-05,-6.92417,0.0,Significant difference
cicids18,CatBoost,general_idx,4,0.0,0.01587,0.0,0.0,0.29676,0.13424,0.01802,-66.1686,0.0,Significant difference
cicids18,CatBoost,general_idx,4,0.1,0.41613,0.09033,0.00816,0.84813,0.08215,0.00675,-111.96831,0.0,Significant difference
cicids18,CatBoost,general_idx,4,0.2,0.68937,0.0918,0.00843,0.93117,0.04387,0.00192,-75.52705,0.0,Significant difference
cicids18,CatBoost,general_idx,4,0.3,0.83705,0.07064,0.00499,0.94952,0.02584,0.00067,-47.47385,0.0,Significant difference
cicids18,CatBoost,general_idx,4,0.4,0.90671,0.04343,0.00189,0.96048,0.01703,0.00029,-36.51482,0.0,Significant difference
cicids18,CatBoost,general_idx,4,0.5,0.93938,0.0286,0.00082,0.96816,0.01397,0.0002,-28.3902,0.0,Significant difference
cicids18,CatBoost,general_idx,4,0.6,0.95505,0.01945,0.00038,0.97357,0.01235,0.00015,-25.29056,0.0,Significant difference
cicids18,CatBoost,general_idx,4,0.7,0.96584,0.01391,0.00019,0.97876,0.00968,9e-05,-23.85294,0.0,Significant difference
cicids18,CatBoost,general_idx,4,0.8,0.97402,0.01113,0.00012,0.98232,0.00588,3e-05,-20.44896,0.0,Significant difference
cicids18,CatBoost,general_idx,4,0.9,0.97998,0.00783,6e-05,0.98352,0.00328,1e-05,-13.05987,0.0,Significant difference
cicids18,CatBoost,general_idx,5,0.0,0.01587,0.0,0.0,0.30654,0.12454,0.01551,-73.80739,0.0,Significant difference
cicids18,CatBoost,general_idx,5,0.1,0.41924,0.08918,0.00795,0.83686,0.08536,0.00729,-108.62578,0.0,Significant difference
cicids18,CatBoost,general_idx,5,0.2,0.69243,0.08999,0.0081,0.92095,0.04487,0.00201,-72.70786,0.0,Significant difference
cicids18,CatBoost,general_idx,5,0.3,0.83903,0.06528,0.00426,0.94552,0.02753,0.00076,-47.93867,0.0,Significant difference
cicids18,CatBoost,general_idx,5,0.4,0.90713,0.04286,0.00184,0.9581,0.01874,0.00035,-34.1377,0.0,Significant difference
cicids18,CatBoost,general_idx,5,0.5,0.94008,0.02682,0.00072,0.96684,0.01532,0.00023,-27.0696,0.0,Significant difference
cicids18,CatBoost,general_idx,5,0.6,0.95606,0.01763,0.00031,0.97186,0.01299,0.00017,-22.89406,0.0,Significant difference
cicids18,CatBoost,general_idx,5,0.7,0.9663,0.01347,0.00018,0.97632,0.01056,0.00011,-18.67239,0.0,Significant difference
cicids18,CatBoost,general_idx,5,0.8,0.9739,0.01086,0.00012,0.98092,0.00733,5e-05,-17.21402,0.0,Significant difference
cicids18,CatBoost,general_idx,5,0.9,0.97927,0.00807,7e-05,0.98327,0.00393,2e-05,-13.89691,0.0,Significant difference
cicids18,CatBoost,general_idx,6,0.0,0.01587,0.0,0.0,0.30344,0.12567,0.01579,-72.36388,0.0,Significant difference
cicids18,CatBoost,general_idx,6,0.1,0.41894,0.08831,0.0078,0.82956,0.07704,0.00594,-111.64594,0.0,Significant difference
cicids18,CatBoost,general_idx,6,0.2,0.69251,0.08614,0.00742,0.91168,0.04212,0.00177,-71.85426,0.0,Significant difference
cicids18,CatBoost,general_idx,6,0.3,0.83902,0.0634,0.00402,0.94043,0.02658,0.00071,-46.44783,0.0,Significant difference
cicids18,CatBoost,general_idx,6,0.4,0.9083,0.03978,0.00158,0.95592,0.01973,0.00039,-34.17107,0.0,Significant difference
cicids18,CatBoost,general_idx,6,0.5,0.94017,0.02508,0.00063,0.96497,0.01588,0.00025,-26.20234,0.0,Significant difference
cicids18,CatBoost,general_idx,6,0.6,0.95671,0.01657,0.00027,0.97124,0.01273,0.00016,-21.82576,0.0,Significant difference
cicids18,CatBoost,general_idx,6,0.7,0.96686,0.01308,0.00017,0.97502,0.01044,0.00011,-15.37984,0.0,Significant difference
cicids18,CatBoost,general_idx,6,0.8,0.97425,0.01069,0.00011,0.97714,0.00862,7e-05,-6.57747,0.0,Significant difference
cicids18,CatBoost,general_idx,6,0.9,0.98011,0.00763,6e-05,0.9796,0.0072,5e-05,1.50946,0.1315,No significant difference
cicids18,CatBoost,general_idx,7,0.0,0.01587,0.0,0.0,0.28397,0.12625,0.01594,-67.1502,0.0,Significant difference
cicids18,CatBoost,general_idx,7,0.1,0.41914,0.08933,0.00798,0.81946,0.08188,0.0067,-103.14485,0.0,Significant difference
cicids18,CatBoost,general_idx,7,0.2,0.68705,0.08782,0.00771,0.90846,0.0428,0.00183,-70.37263,0.0,Significant difference
cicids18,CatBoost,general_idx,7,0.3,0.83533,0.06427,0.00413,0.94156,0.02841,0.00081,-46.80341,0.0,Significant difference
cicids18,CatBoost,general_idx,7,0.4,0.90621,0.04167,0.00174,0.95965,0.02003,0.0004,-36.23375,0.0,Significant difference
cicids18,CatBoost,general_idx,7,0.5,0.93902,0.0253,0.00064,0.96738,0.01459,0.00021,-30.07224,0.0,Significant difference
cicids18,CatBoost,general_idx,7,0.6,0.95568,0.01736,0.0003,0.97259,0.01195,0.00014,-25.23898,0.0,Significant difference
cicids18,CatBoost,general_idx,7,0.7,0.96581,0.01316,0.00017,0.97727,0.01004,0.0001,-22.19938,0.0,Significant difference
cicids18,CatBoost,general_idx,7,0.8,0.9736,0.0109,0.00012,0.98157,0.00629,4e-05,-20.11836,0.0,Significant difference
cicids18,CatBoost,general_idx,7,0.9,0.97946,0.00793,6e-05,0.98322,0.00375,1e-05,-13.70308,0.0,Significant difference
cicids18,CatBoost,general_idx,8,0.0,0.01587,0.0,0.0,0.29702,0.12998,0.0169,-68.39675,0.0,Significant difference
cicids18,CatBoost,general_idx,8,0.1,0.41095,0.09049,0.00819,0.86248,0.08363,0.00699,-120.82657,0.0,Significant difference
cicids18,CatBoost,general_idx,8,0.2,0.68243,0.09269,0.00859,0.93356,0.0448,0.00201,-78.28937,0.0,Significant difference
cicids18,CatBoost,general_idx,8,0.3,0.83154,0.07139,0.0051,0.94981,0.02625,0.00069,-50.44902,0.0,Significant difference
cicids18,CatBoost,general_idx,8,0.4,0.90271,0.0485,0.00235,0.95922,0.0185,0.00034,-34.78368,0.0,Significant difference
cicids18,CatBoost,general_idx,8,0.5,0.93714,0.03147,0.00099,0.96957,0.0159,0.00025,-28.75983,0.0,Significant difference
cicids18,CatBoost,general_idx,8,0.6,0.95471,0.02011,0.0004,0.9756,0.01223,0.00015,-28.11905,0.0,Significant difference
cicids18,CatBoost,general_idx,8,0.7,0.96559,0.01413,0.0002,0.98044,0.00835,7e-05,-28.26001,0.0,Significant difference
cicids18,CatBoost,general_idx,8,0.8,0.97352,0.01125,0.00013,0.98241,0.00537,3e-05,-22.43551,0.0,Significant difference
cicids18,CatBoost,general_idx,8,0.9,0.97951,0.00823,7e-05,0.9836,0.00292,1e-05,-14.75511,0.0,Significant difference
cicids18,CatBoost,general_idx,9,0.0,0.01587,0.0,0.0,0.30125,0.12357,0.01527,-73.03279,0.0,Significant difference
cicids18,CatBoost,general_idx,9,0.1,0.41738,0.08934,0.00798,0.8244,0.08266,0.00683,-104.32178,0.0,Significant difference
cicids18,CatBoost,general_idx,9,0.2,0.68944,0.08485,0.0072,0.91657,0.03991,0.00159,-75.18386,0.0,Significant difference
cicids18,CatBoost,general_idx,9,0.3,0.83765,0.06293,0.00396,0.94894,0.02529,0.00064,-51.13069,0.0,Significant difference
cicids18,CatBoost,general_idx,9,0.4,0.90616,0.04192,0.00176,0.96151,0.01746,0.0003,-38.1459,0.0,Significant difference
cicids18,CatBoost,general_idx,9,0.5,0.93803,0.02769,0.00077,0.96843,0.01411,0.0002,-29.80602,0.0,Significant difference
cicids18,CatBoost,general_idx,9,0.6,0.95541,0.01898,0.00036,0.97484,0.01187,0.00014,-26.74863,0.0,Significant difference
cicids18,CatBoost,general_idx,9,0.7,0.9667,0.01346,0.00018,0.98027,0.00831,7e-05,-26.86358,0.0,Significant difference
cicids18,CatBoost,general_idx,9,0.8,0.97433,0.01103,0.00012,0.98235,0.00544,3e-05,-20.5724,0.0,Significant difference
cicids18,CatBoost,general_idx,9,0.9,0.97992,0.00763,6e-05,0.98348,0.00315,1e-05,-13.48077,0.0,Significant difference
cicids18,CatBoost,general_idx,10,0.0,0.01587,0.0,0.0,0.31317,0.13069,0.01708,-71.9359,0.0,Significant difference
cicids18,CatBoost,general_idx,10,0.1,0.41475,0.0913,0.00834,0.85495,0.07344,0.00539,-118.44948,0.0,Significant difference
cicids18,CatBoost,general_idx,10,0.2,0.68689,0.0934,0.00872,0.93011,0.03506,0.00123,-76.63354,0.0,Significant difference
cicids18,CatBoost,general_idx,10,0.3,0.83425,0.06988,0.00488,0.95306,0.02315,0.00054,-51.65292,0.0,Significant difference
cicids18,CatBoost,general_idx,10,0.4,0.90352,0.04594,0.00211,0.9654,0.01732,0.0003,-40.74423,0.0,Significant difference
cicids18,CatBoost,general_idx,10,0.5,0.93725,0.02999,0.0009,0.9709,0.01367,0.00019,-33.01346,0.0,Significant difference
cicids18,CatBoost,general_idx,10,0.6,0.9551,0.02066,0.00043,0.97424,0.01092,0.00012,-26.20698,0.0,Significant difference
cicids18,CatBoost,general_idx,10,0.7,0.96595,0.01596,0.00025,0.97752,0.00902,8e-05,-20.21214,0.0,Significant difference
cicids18,CatBoost,general_idx,10,0.8,0.97389,0.01231,0.00015,0.98114,0.00667,4e-05,-16.52378,0.0,Significant difference
cicids18,CatBoost,general_idx,10,0.9,0.97963,0.00783,6e-05,0.98359,0.00321,1e-05,-14.89981,0.0,Significant difference
cicids18,RandomForest,general_idx,1,0.0,0.01587,0.0,0.0,0.21394,0.0904,0.00817,-69.28379,0.0,Significant difference
cicids18,RandomForest,general_idx,1,0.1,0.63152,0.03837,0.00147,0.64587,0.14947,0.02234,-2.92019,0.00358,Significant difference
cicids18,RandomForest,general_idx,1,0.2,0.8274,0.02663,0.00071,0.80716,0.12385,0.01534,4.9739,0.0,Significant difference
cicids18,RandomForest,general_idx,1,0.3,0.92367,0.01287,0.00017,0.88013,0.08816,0.00777,15.39101,0.0,Significant difference
cicids18,RandomForest,general_idx,1,0.4,0.95805,0.01488,0.00022,0.92008,0.06081,0.0037,18.8984,0.0,Significant difference
cicids18,RandomForest,general_idx,1,0.5,0.98351,0.00331,1e-05,0.94343,0.04091,0.00167,30.71937,0.0,Significant difference
cicids18,RandomForest,general_idx,1,0.6,0.98403,0.00142,0.0,0.95763,0.02935,0.00086,28.34208,0.0,Significant difference
cicids18,RandomForest,general_idx,1,0.7,0.98406,0.001,0.0,0.96775,0.02017,0.00041,25.50279,0.0,Significant difference
cicids18,RandomForest,general_idx,1,0.8,0.98408,0.00087,0.0,0.97621,0.01355,0.00018,18.32372,0.0,Significant difference
cicids18,RandomForest,general_idx,1,0.9,0.98413,0.0,0.0,0.98044,0.00844,7e-05,13.80418,0.0,Significant difference
cicids18,RandomForest,general_idx,2,0.0,0.01587,0.0,0.0,0.22606,0.08913,0.00794,-74.57831,0.0,Significant difference
cicids18,RandomForest,general_idx,2,0.1,0.6337,0.03914,0.00153,0.64906,0.15099,0.0228,-3.13004,0.0018,Significant difference
cicids18,RandomForest,general_idx,2,0.2,0.82743,0.02714,0.00074,0.80849,0.12528,0.01569,4.67427,0.0,Significant difference
cicids18,RandomForest,general_idx,2,0.3,0.92433,0.01265,0.00016,0.88276,0.08933,0.00798,14.44985,0.0,Significant difference
cicids18,RandomForest,general_idx,2,0.4,0.95724,0.01499,0.00022,0.92017,0.06142,0.00377,18.29977,0.0,Significant difference
cicids18,RandomForest,general_idx,2,0.5,0.98337,0.00381,1e-05,0.94213,0.04268,0.00182,30.3166,0.0,Significant difference
cicids18,RandomForest,general_idx,2,0.6,0.98403,0.00142,0.0,0.95625,0.03048,0.00093,28.73409,0.0,Significant difference
cicids18,RandomForest,general_idx,2,0.7,0.98406,0.001,0.0,0.96833,0.02151,0.00046,23.06045,0.0,Significant difference
cicids18,RandomForest,general_idx,2,0.8,0.98408,0.00087,0.0,0.97578,0.0143,0.0002,18.30544,0.0,Significant difference
cicids18,RandomForest,general_idx,2,0.9,0.98411,0.0005,0.0,0.98032,0.00853,7e-05,14.03047,0.0,Significant difference
cicids18,RandomForest,general_idx,3,0.0,0.01587,0.0,0.0,0.20381,0.0935,0.00874,-63.56128,0.0,Significant difference
cicids18,RandomForest,general_idx,3,0.1,0.63359,0.03929,0.00154,0.65068,0.15192,0.02308,-3.44262,0.0006,Significant difference
cicids18,RandomForest,general_idx,3,0.2,0.82705,0.02672,0.00071,0.8084,0.1229,0.0151,4.70729,0.0,Significant difference
cicids18,RandomForest,general_idx,3,0.3,0.92357,0.01303,0.00017,0.88281,0.08435,0.00712,14.85628,0.0,Significant difference
cicids18,RandomForest,general_idx,3,0.4,0.95787,0.01476,0.00022,0.92078,0.05954,0.00354,18.75856,0.0,Significant difference
cicids18,RandomForest,general_idx,3,0.5,0.98338,0.00385,1e-05,0.94276,0.04123,0.0017,30.87081,0.0,Significant difference
cicids18,RandomForest,general_idx,3,0.6,0.98403,0.00142,0.0,0.95624,0.02908,0.00085,30.17008,0.0,Significant difference
cicids18,RandomForest,general_idx,3,0.7,0.98406,0.001,0.0,0.96571,0.02066,0.00043,28.0589,0.0,Significant difference
cicids18,RandomForest,general_idx,3,0.8,0.98408,0.00087,0.0,0.97481,0.01494,0.00022,19.55557,0.0,Significant difference
cicids18,RandomForest,general_idx,3,0.9,0.98413,0.0,0.0,0.98032,0.00888,8e-05,13.57183,0.0,Significant difference
cicids18,RandomForest,general_idx,4,0.0,0.01587,0.0,0.0,0.20059,0.09148,0.00837,-63.8486,0.0,Significant difference
cicids18,RandomForest,general_idx,4,0.1,0.63225,0.03912,0.00153,0.64594,0.1586,0.02515,-2.67193,0.00766,Significant difference
cicids18,RandomForest,general_idx,4,0.2,0.82619,0.02679,0.00072,0.80451,0.1359,0.01847,4.97173,0.0,Significant difference
cicids18,RandomForest,general_idx,4,0.3,0.92321,0.01328,0.00018,0.87941,0.09484,0.00899,14.43584,0.0,Significant difference
cicids18,RandomForest,general_idx,4,0.4,0.95686,0.01492,0.00022,0.91833,0.06548,0.00429,18.12982,0.0,Significant difference
cicids18,RandomForest,general_idx,4,0.5,0.98344,0.00359,1e-05,0.94027,0.04442,0.00197,30.50687,0.0,Significant difference
cicids18,RandomForest,general_idx,4,0.6,0.98403,0.00142,0.0,0.95441,0.03193,0.00102,29.26322,0.0,Significant difference
cicids18,RandomForest,general_idx,4,0.7,0.98406,0.001,0.0,0.96748,0.02243,0.0005,23.32623,0.0,Significant difference
cicids18,RandomForest,general_idx,4,0.8,0.98408,0.00087,0.0,0.97581,0.01375,0.00019,18.94464,0.0,Significant difference
cicids18,RandomForest,general_idx,4,0.9,0.98413,0.0,0.0,0.98057,0.00787,6e-05,14.27968,0.0,Significant difference
cicids18,RandomForest,general_idx,5,0.0,0.01587,0.0,0.0,0.20875,0.09286,0.00862,-65.68163,0.0,Significant difference
cicids18,RandomForest,general_idx,5,0.1,0.62922,0.03994,0.00159,0.64933,0.15601,0.02434,-3.94005,9e-05,Significant difference
cicids18,RandomForest,general_idx,5,0.2,0.82598,0.02652,0.0007,0.80589,0.12997,0.01689,4.80018,0.0,Significant difference
cicids18,RandomForest,general_idx,5,0.3,0.92359,0.01336,0.00018,0.88098,0.09032,0.00816,14.55043,0.0,Significant difference
cicids18,RandomForest,general_idx,5,0.4,0.95649,0.015,0.00022,0.91849,0.06333,0.00401,18.05348,0.0,Significant difference
cicids18,RandomForest,general_idx,5,0.5,0.98332,0.0037,1e-05,0.93978,0.04392,0.00193,31.0808,0.0,Significant difference
cicids18,RandomForest,general_idx,5,0.6,0.98402,0.0015,0.0,0.95551,0.03022,0.00091,29.71932,0.0,Significant difference
cicids18,RandomForest,general_idx,5,0.7,0.98406,0.001,0.0,0.9684,0.02066,0.00043,23.92045,0.0,Significant difference
cicids18,RandomForest,general_idx,5,0.8,0.98408,0.00087,0.0,0.97527,0.01477,0.00022,18.79632,0.0,Significant difference
cicids18,RandomForest,general_idx,5,0.9,0.98413,0.0,0.0,0.98078,0.00804,6e-05,13.16859,0.0,Significant difference
cicids18,RandomForest,general_idx,6,0.0,0.01587,0.0,0.0,0.22292,0.08909,0.00794,-73.48812,0.0,Significant difference
cicids18,RandomForest,general_idx,6,0.1,0.63065,0.03882,0.00151,0.64516,0.14372,0.02066,-3.08985,0.00206,Significant difference
cicids18,RandomForest,general_idx,6,0.2,0.82708,0.0266,0.00071,0.80541,0.11435,0.01307,5.90942,0.0,Significant difference
cicids18,RandomForest,general_idx,6,0.3,0.92327,0.01316,0.00017,0.88156,0.086,0.0074,15.03897,0.0,Significant difference
cicids18,RandomForest,general_idx,6,0.4,0.95735,0.01536,0.00024,0.9189,0.06008,0.00361,19.20299,0.0,Significant difference
cicids18,RandomForest,general_idx,6,0.5,0.98349,0.00357,1e-05,0.9403,0.04312,0.00186,31.48532,0.0,Significant difference
cicids18,RandomForest,general_idx,6,0.6,0.98403,0.00142,0.0,0.9551,0.0293,0.00086,31.10402,0.0,Significant difference
cicids18,RandomForest,general_idx,6,0.7,0.98406,0.001,0.0,0.96621,0.02041,0.00042,27.57022,0.0,Significant difference
cicids18,RandomForest,general_idx,6,0.8,0.98408,0.00087,0.0,0.9751,0.01465,0.00021,19.33983,0.0,Significant difference
cicids18,RandomForest,general_idx,6,0.9,0.98411,0.0005,0.0,0.98022,0.00936,9e-05,13.10846,0.0,Significant difference
cicids18,RandomForest,general_idx,7,0.0,0.01587,0.0,0.0,0.20592,0.0908,0.00825,-66.18555,0.0,Significant difference
cicids18,RandomForest,general_idx,7,0.1,0.63089,0.03828,0.00147,0.64525,0.15661,0.02453,-2.8313,0.00473,Significant difference
cicids18,RandomForest,general_idx,7,0.2,0.82737,0.02712,0.00074,0.80665,0.13107,0.01718,4.86068,0.0,Significant difference
cicids18,RandomForest,general_idx,7,0.3,0.92325,0.01298,0.00017,0.88035,0.08951,0.00801,14.8665,0.0,Significant difference
cicids18,RandomForest,general_idx,7,0.4,0.95719,0.01451,0.00021,0.92103,0.06025,0.00363,18.16744,0.0,Significant difference
cicids18,RandomForest,general_idx,7,0.5,0.98343,0.00369,1e-05,0.94322,0.04014,0.00161,31.3856,0.0,Significant difference
cicids18,RandomForest,general_idx,7,0.6,0.98402,0.0015,0.0,0.95797,0.02681,0.00072,30.57292,0.0,Significant difference
cicids18,RandomForest,general_idx,7,0.7,0.98406,0.001,0.0,0.96708,0.01881,0.00035,28.47001,0.0,Significant difference
cicids18,RandomForest,general_idx,7,0.8,0.98408,0.00087,0.0,0.97435,0.01329,0.00018,23.07159,0.0,Significant difference
cicids18,RandomForest,general_idx,7,0.9,0.98411,0.0005,0.0,0.98068,0.00765,6e-05,14.13312,0.0,Significant difference
cicids18,RandomForest,general_idx,8,0.0,0.01587,0.0,0.0,0.21652,0.08965,0.00804,-70.77377,0.0,Significant difference
cicids18,RandomForest,general_idx,8,0.1,0.6304,0.03899,0.00152,0.64584,0.14992,0.02248,-3.11045,0.00192,Significant difference
cicids18,RandomForest,general_idx,8,0.2,0.82633,0.02674,0.00072,0.80283,0.1257,0.0158,5.77981,0.0,Significant difference
cicids18,RandomForest,general_idx,8,0.3,0.92367,0.01281,0.00016,0.87922,0.0915,0.00837,15.07896,0.0,Significant difference
cicids18,RandomForest,general_idx,8,0.4,0.9567,0.01502,0.00023,0.91802,0.06407,0.0041,18.24669,0.0,Significant difference
cicids18,RandomForest,general_idx,8,0.5,0.9834,0.00382,1e-05,0.9409,0.04501,0.00203,29.77985,0.0,Significant difference
cicids18,RandomForest,general_idx,8,0.6,0.98403,0.00142,0.0,0.95532,0.0307,0.00094,29.48475,0.0,Significant difference
cicids18,RandomForest,general_idx,8,0.7,0.98406,0.001,0.0,0.96552,0.02247,0.00051,26.01477,0.0,Significant difference
cicids18,RandomForest,general_idx,8,0.8,0.98408,0.00087,0.0,0.97438,0.01565,0.00024,19.55107,0.0,Significant difference
cicids18,RandomForest,general_idx,8,0.9,0.98413,0.0,0.0,0.97998,0.00919,8e-05,14.2554,0.0,Significant difference
cicids18,RandomForest,general_idx,9,0.0,0.01587,0.0,0.0,0.21868,0.08685,0.00754,-73.84537,0.0,Significant difference
cicids18,RandomForest,general_idx,9,0.1,0.63146,0.03931,0.00155,0.6394,0.14868,0.02211,-1.65097,0.09906,No significant difference
cicids18,RandomForest,general_idx,9,0.2,0.82719,0.02826,0.0008,0.80451,0.12457,0.01552,5.6063,0.0,Significant difference
cicids18,RandomForest,general_idx,9,0.3,0.92387,0.01285,0.00017,0.87635,0.08673,0.00752,16.88983,0.0,Significant difference
cicids18,RandomForest,general_idx,9,0.4,0.95751,0.01472,0.00022,0.91843,0.06108,0.00373,19.75482,0.0,Significant difference
cicids18,RandomForest,general_idx,9,0.5,0.98335,0.00384,1e-05,0.94089,0.04235,0.00179,31.48892,0.0,Significant difference
cicids18,RandomForest,general_idx,9,0.6,0.98403,0.00142,0.0,0.95449,0.03176,0.00101,29.32361,0.0,Significant difference
cicids18,RandomForest,general_idx,9,0.7,0.98406,0.001,0.0,0.96465,0.02299,0.00053,26.62864,0.0,Significant difference
cicids18,RandomForest,general_idx,9,0.8,0.98408,0.00087,0.0,0.97297,0.01473,0.00022,23.77507,0.0,Significant difference
cicids18,RandomForest,general_idx,9,0.9,0.98413,0.0,0.0,0.97968,0.00923,9e-05,15.23139,0.0,Significant difference
cicids18,RandomForest,general_idx,10,0.0,0.01587,0.0,0.0,0.1929,0.09216,0.00849,-60.74588,0.0,Significant difference
cicids18,RandomForest,general_idx,10,0.1,0.63181,0.04004,0.0016,0.6483,0.15803,0.02497,-3.1499,0.00168,Significant difference
cicids18,RandomForest,general_idx,10,0.2,0.82657,0.02826,0.0008,0.8053,0.12774,0.01632,5.10769,0.0,Significant difference
cicids18,RandomForest,general_idx,10,0.3,0.92398,0.01339,0.00018,0.87922,0.09172,0.00841,15.17838,0.0,Significant difference
cicids18,RandomForest,general_idx,10,0.4,0.9574,0.01497,0.00022,0.91989,0.06002,0.0036,19.0128,0.0,Significant difference
cicids18,RandomForest,general_idx,10,0.5,0.98348,0.00353,1e-05,0.94078,0.04215,0.00178,31.726,0.0,Significant difference
cicids18,RandomForest,general_idx,10,0.6,0.98403,0.00142,0.0,0.95544,0.03009,0.00091,29.92942,0.0,Significant difference
cicids18,RandomForest,general_idx,10,0.7,0.98406,0.001,0.0,0.96559,0.02091,0.00044,27.84999,0.0,Significant difference
cicids18,RandomForest,general_idx,10,0.8,0.98408,0.00087,0.0,0.97462,0.01333,0.00018,22.37546,0.0,Significant difference
cicids18,RandomForest,general_idx,10,0.9,0.98411,0.0005,0.0,0.98008,0.00828,7e-05,15.35149,0.0,Significant difference
cicids18,XGBoost,general_idx,1,0.0,0.01587,0.0,0.0,0.23092,0.1825,0.03331,-37.262,0.0,Significant difference
cicids18,XGBoost,general_idx,1,0.1,0.44163,0.06826,0.00466,0.77487,0.12077,0.01459,-73.04279,0.0,Significant difference
cicids18,XGBoost,general_idx,1,0.2,0.68719,0.05185,0.00269,0.89206,0.06475,0.00419,-76.18622,0.0,Significant difference
cicids18,XGBoost,general_idx,1,0.3,0.80287,0.03654,0.00134,0.93619,0.0394,0.00155,-75.96,0.0,Significant difference
cicids18,XGBoost,general_idx,1,0.4,0.86248,0.02645,0.0007,0.95556,0.02705,0.00073,-74.57104,0.0,Significant difference
cicids18,XGBoost,general_idx,1,0.5,0.9031,0.02484,0.00062,0.96494,0.01954,0.00038,-59.36176,0.0,Significant difference
cicids18,XGBoost,general_idx,1,0.6,0.93679,0.02219,0.00049,0.97048,0.01533,0.00024,-38.16023,0.0,Significant difference
cicids18,XGBoost,general_idx,1,0.7,0.96044,0.01591,0.00025,0.97449,0.01187,0.00014,-21.64697,0.0,Significant difference
cicids18,XGBoost,general_idx,1,0.8,0.9729,0.01122,0.00013,0.97783,0.00903,8e-05,-10.54175,0.0,Significant difference
cicids18,XGBoost,general_idx,1,0.9,0.9803,0.00733,5e-05,0.98125,0.0064,4e-05,-3.01971,0.00259,Significant difference
cicids18,XGBoost,general_idx,2,0.0,0.01587,0.0,0.0,0.25237,0.17629,0.03108,-42.42231,0.0,Significant difference
cicids18,XGBoost,general_idx,2,0.1,0.44097,0.06876,0.00473,0.78608,0.11473,0.01316,-78.59709,0.0,Significant difference
cicids18,XGBoost,general_idx,2,0.2,0.68813,0.04954,0.00245,0.90038,0.06015,0.00362,-82.7647,0.0,Significant difference
cicids18,XGBoost,general_idx,2,0.3,0.80376,0.03529,0.00125,0.94189,0.03634,0.00132,-83.07548,0.0,Significant difference
cicids18,XGBoost,general_idx,2,0.4,0.8631,0.02689,0.00072,0.95795,0.02445,0.0006,-79.2437,0.0,Significant difference
cicids18,XGBoost,general_idx,2,0.5,0.90271,0.02493,0.00062,0.96784,0.01852,0.00034,-65.18158,0.0,Significant difference
cicids18,XGBoost,general_idx,2,0.6,0.93621,0.02178,0.00047,0.97613,0.013,0.00017,-49.7038,0.0,Significant difference
cicids18,XGBoost,general_idx,2,0.7,0.95941,0.01649,0.00027,0.98014,0.00904,8e-05,-35.1087,0.0,Significant difference
cicids18,XGBoost,general_idx,2,0.8,0.97267,0.01153,0.00013,0.98189,0.00637,4e-05,-22.54542,0.0,Significant difference
cicids18,XGBoost,general_idx,2,0.9,0.97997,0.00793,6e-05,0.98319,0.00406,2e-05,-11.38172,0.0,Significant difference
cicids18,XGBoost,general_idx,3,0.0,0.01587,0.0,0.0,0.23329,0.17972,0.0323,-38.25569,0.0,Significant difference
cicids18,XGBoost,general_idx,3,0.1,0.44289,0.07013,0.00492,0.77152,0.12592,0.01586,-69.30984,0.0,Significant difference
cicids18,XGBoost,general_idx,3,0.2,0.68638,0.05392,0.00291,0.89394,0.06769,0.00458,-74.21252,0.0,Significant difference
cicids18,XGBoost,general_idx,3,0.3,0.80395,0.03736,0.0014,0.93786,0.03949,0.00156,-76.66553,0.0,Significant difference
cicids18,XGBoost,general_idx,3,0.4,0.86273,0.02698,0.00073,0.955,0.02776,0.00077,-73.39843,0.0,Significant difference
cicids18,XGBoost,general_idx,3,0.5,0.9034,0.02489,0.00062,0.96522,0.02067,0.00043,-59.46554,0.0,Significant difference
cicids18,XGBoost,general_idx,3,0.6,0.93713,0.02241,0.0005,0.97043,0.01618,0.00026,-36.9287,0.0,Significant difference
cicids18,XGBoost,general_idx,3,0.7,0.95995,0.0165,0.00027,0.97544,0.01147,0.00013,-23.66365,0.0,Significant difference
cicids18,XGBoost,general_idx,3,0.8,0.97268,0.01095,0.00012,0.97908,0.00779,6e-05,-14.80126,0.0,Significant difference
cicids18,XGBoost,general_idx,3,0.9,0.9803,0.00715,5e-05,0.9814,0.00604,4e-05,-3.67463,0.00025,Significant difference
cicids18,XGBoost,general_idx,4,0.0,0.01587,0.0,0.0,0.24387,0.18084,0.0327,-39.86874,0.0,Significant difference
cicids18,XGBoost,general_idx,4,0.1,0.43821,0.07032,0.00495,0.82298,0.09832,0.00967,-98.78488,0.0,Significant difference
cicids18,XGBoost,general_idx,4,0.2,0.68646,0.05205,0.00271,0.92217,0.04941,0.00244,-100.84745,0.0,Significant difference
cicids18,XGBoost,general_idx,4,0.3,0.80251,0.03589,0.00129,0.95049,0.02927,0.00086,-97.05195,0.0,Significant difference
cicids18,XGBoost,general_idx,4,0.4,0.86151,0.02697,0.00073,0.96133,0.02074,0.00043,-88.19719,0.0,Significant difference
cicids18,XGBoost,general_idx,4,0.5,0.90252,0.02466,0.00061,0.97098,0.01604,0.00026,-71.75743,0.0,Significant difference
cicids18,XGBoost,general_idx,4,0.6,0.93652,0.02239,0.0005,0.97776,0.01084,0.00012,-52.4999,0.0,Significant difference
cicids18,XGBoost,general_idx,4,0.7,0.96021,0.01612,0.00026,0.98113,0.00777,6e-05,-37.42693,0.0,Significant difference
cicids18,XGBoost,general_idx,4,0.8,0.9737,0.011,0.00012,0.98237,0.00552,3e-05,-22.46943,0.0,Significant difference
cicids18,XGBoost,general_idx,4,0.9,0.98086,0.00677,5e-05,0.98306,0.0041,2e-05,-8.82781,0.0,Significant difference
cicids18,XGBoost,general_idx,5,0.0,0.01587,0.0,0.0,0.28038,0.17572,0.03088,-47.60062,0.0,Significant difference
cicids18,XGBoost,general_idx,5,0.1,0.43962,0.07145,0.00511,0.82465,0.10165,0.01033,-94.75211,0.0,Significant difference
cicids18,XGBoost,general_idx,5,0.2,0.6874,0.05315,0.00283,0.91832,0.05145,0.00265,-95.20697,0.0,Significant difference
cicids18,XGBoost,general_idx,5,0.3,0.80189,0.03688,0.00136,0.94852,0.03075,0.00095,-92.86767,0.0,Significant difference
cicids18,XGBoost,general_idx,5,0.4,0.86279,0.02732,0.00075,0.95905,0.02101,0.00044,-83.87403,0.0,Significant difference
cicids18,XGBoost,general_idx,5,0.5,0.90387,0.02441,0.0006,0.96605,0.01731,0.0003,-62.49794,0.0,Significant difference
cicids18,XGBoost,general_idx,5,0.6,0.93683,0.02267,0.00051,0.97219,0.01488,0.00022,-40.42863,0.0,Significant difference
cicids18,XGBoost,general_idx,5,0.7,0.95976,0.01617,0.00026,0.97803,0.01099,0.00012,-29.58378,0.0,Significant difference
cicids18,XGBoost,general_idx,5,0.8,0.97294,0.01156,0.00013,0.98141,0.00688,5e-05,-20.18989,0.0,Significant difference
cicids18,XGBoost,general_idx,5,0.9,0.98,0.00779,6e-05,0.98303,0.00421,2e-05,-10.79886,0.0,Significant difference
cicids18,XGBoost,general_idx,6,0.0,0.01587,0.0,0.0,0.26679,0.17504,0.03064,-45.33204,0.0,Significant difference
cicids18,XGBoost,general_idx,6,0.1,0.44281,0.07024,0.00493,0.82283,0.10738,0.01153,-91.70867,0.0,Significant difference
cicids18,XGBoost,general_idx,6,0.2,0.68744,0.05266,0.00277,0.92019,0.05553,0.00308,-94.65038,0.0,Significant difference
cicids18,XGBoost,general_idx,6,0.3,0.80511,0.03732,0.00139,0.95127,0.03355,0.00113,-92.75686,0.0,Significant difference
cicids18,XGBoost,general_idx,6,0.4,0.8636,0.02708,0.00073,0.96295,0.02164,0.00047,-91.60353,0.0,Significant difference
cicids18,XGBoost,general_idx,6,0.5,0.90375,0.02475,0.00061,0.97102,0.01659,0.00028,-71.74971,0.0,Significant difference
cicids18,XGBoost,general_idx,6,0.6,0.93687,0.02267,0.00051,0.97487,0.01217,0.00015,-48.09944,0.0,Significant difference
cicids18,XGBoost,general_idx,6,0.7,0.96013,0.01596,0.00025,0.97735,0.00995,0.0001,-29.21617,0.0,Significant difference
cicids18,XGBoost,general_idx,6,0.8,0.97297,0.01139,0.00013,0.97941,0.00814,7e-05,-14.55635,0.0,Significant difference
cicids18,XGBoost,general_idx,6,0.9,0.98063,0.00702,5e-05,0.98246,0.00507,3e-05,-6.57324,0.0,Significant difference
cicids18,XGBoost,general_idx,7,0.0,0.01587,0.0,0.0,0.25037,0.17682,0.03127,-41.93634,0.0,Significant difference
cicids18,XGBoost,general_idx,7,0.1,0.44211,0.06874,0.00472,0.78379,0.1147,0.01316,-79.78937,0.0,Significant difference
cicids18,XGBoost,general_idx,7,0.2,0.68622,0.05043,0.00254,0.89673,0.0638,0.00407,-80.47111,0.0,Significant difference
cicids18,XGBoost,general_idx,7,0.3,0.80132,0.0356,0.00127,0.93894,0.04028,0.00162,-80.05561,0.0,Significant difference
cicids18,XGBoost,general_idx,7,0.4,0.86206,0.0268,0.00072,0.95913,0.02612,0.00068,-80.857,0.0,Significant difference
cicids18,XGBoost,general_idx,7,0.5,0.90267,0.02476,0.00061,0.96827,0.0197,0.00039,-64.96502,0.0,Significant difference
cicids18,XGBoost,general_idx,7,0.6,0.9371,0.02134,0.00046,0.97419,0.01421,0.0002,-46.13501,0.0,Significant difference
cicids18,XGBoost,general_idx,7,0.7,0.96003,0.01632,0.00027,0.97727,0.01131,0.00013,-28.36302,0.0,Significant difference
cicids18,XGBoost,general_idx,7,0.8,0.97254,0.01151,0.00013,0.97971,0.00899,8e-05,-16.30522,0.0,Significant difference
cicids18,XGBoost,general_idx,7,0.9,0.9803,0.00743,6e-05,0.98244,0.00552,3e-05,-7.58125,0.0,Significant difference
cicids18,XGBoost,general_idx,8,0.0,0.01587,0.0,0.0,0.25897,0.17381,0.03021,-44.22761,0.0,Significant difference
cicids18,XGBoost,general_idx,8,0.1,0.44217,0.06771,0.00458,0.80219,0.10758,0.01157,-86.11662,0.0,Significant difference
cicids18,XGBoost,general_idx,8,0.2,0.68771,0.05253,0.00276,0.90602,0.05898,0.00348,-86.88601,0.0,Significant difference
cicids18,XGBoost,general_idx,8,0.3,0.8034,0.03727,0.00139,0.93881,0.03669,0.00135,-81.57765,0.0,Significant difference
cicids18,XGBoost,general_idx,8,0.4,0.8631,0.02726,0.00074,0.95594,0.02433,0.00059,-77.52706,0.0,Significant difference
cicids18,XGBoost,general_idx,8,0.5,0.90257,0.02489,0.00062,0.96625,0.0187,0.00035,-62.5809,0.0,Significant difference
cicids18,XGBoost,general_idx,8,0.6,0.9367,0.0226,0.00051,0.97252,0.01442,0.00021,-41.56954,0.0,Significant difference
cicids18,XGBoost,general_idx,8,0.7,0.95973,0.01589,0.00025,0.97563,0.01128,0.00013,-25.58713,0.0,Significant difference
cicids18,XGBoost,general_idx,8,0.8,0.97259,0.01121,0.00013,0.97768,0.00889,8e-05,-11.04402,0.0,Significant difference
cicids18,XGBoost,general_idx,8,0.9,0.98014,0.00721,5e-05,0.98006,0.00711,5e-05,0.23962,0.81068,No significant difference
cicids18,XGBoost,general_idx,9,0.0,0.01587,0.0,0.0,0.2686,0.18249,0.0333,-43.79499,0.0,Significant difference
cicids18,XGBoost,general_idx,9,0.1,0.44108,0.06889,0.00475,0.83035,0.09519,0.00906,-101.37005,0.0,Significant difference
cicids18,XGBoost,general_idx,9,0.2,0.69003,0.05163,0.00267,0.92068,0.04994,0.00249,-97.67281,0.0,Significant difference
cicids18,XGBoost,general_idx,9,0.3,0.80297,0.03701,0.00137,0.95148,0.02977,0.00089,-94.85413,0.0,Significant difference
cicids18,XGBoost,general_idx,9,0.4,0.8634,0.02614,0.00068,0.96678,0.01995,0.0004,-98.63438,0.0,Significant difference
cicids18,XGBoost,general_idx,9,0.5,0.9031,0.0242,0.00059,0.97252,0.01407,0.0002,-78.79859,0.0,Significant difference
cicids18,XGBoost,general_idx,9,0.6,0.93598,0.02187,0.00048,0.97616,0.01116,0.00012,-52.85166,0.0,Significant difference
cicids18,XGBoost,general_idx,9,0.7,0.95938,0.01637,0.00027,0.98005,0.00845,7e-05,-36.05417,0.0,Significant difference
cicids18,XGBoost,general_idx,9,0.8,0.97251,0.0115,0.00013,0.98194,0.006,4e-05,-23.52034,0.0,Significant difference
cicids18,XGBoost,general_idx,9,0.9,0.98029,0.00737,5e-05,0.98317,0.0039,2e-05,-11.17719,0.0,Significant difference
cicids18,XGBoost,general_idx,10,0.0,0.01587,0.0,0.0,0.26479,0.18449,0.03404,-42.66552,0.0,Significant difference
cicids18,XGBoost,general_idx,10,0.1,0.44097,0.06843,0.00468,0.81975,0.09802,0.00961,-96.38212,0.0,Significant difference
cicids18,XGBoost,general_idx,10,0.2,0.68724,0.05271,0.00278,0.91452,0.0474,0.00225,-99.45677,0.0,Significant difference
cicids18,XGBoost,general_idx,10,0.3,0.80179,0.03753,0.00141,0.94567,0.03005,0.0009,-93.29299,0.0,Significant difference
cicids18,XGBoost,general_idx,10,0.4,0.86211,0.02697,0.00073,0.96014,0.02056,0.00042,-89.78342,0.0,Significant difference
cicids18,XGBoost,general_idx,10,0.5,0.90276,0.02432,0.00059,0.96944,0.01496,0.00022,-73.37639,0.0,Significant difference
cicids18,XGBoost,general_idx,10,0.6,0.93687,0.02226,0.0005,0.97665,0.01183,0.00014,-49.73845,0.0,Significant difference
cicids18,XGBoost,general_idx,10,0.7,0.95887,0.01707,0.00029,0.9807,0.00845,7e-05,-36.67279,0.0,Significant difference
cicids18,XGBoost,general_idx,10,0.8,0.97294,0.01139,0.00013,0.98221,0.00595,4e-05,-23.0202,0.0,Significant difference
cicids18,XGBoost,general_idx,10,0.9,0.98011,0.00747,6e-05,0.98292,0.00438,2e-05,-10.43057,0.0,Significant difference
